{"cameraMode":{"drawMode":0,"name":"Shaded","section":"Shading Mode"},"sceneLighting":true,"audioPlay":false,"sceneViewState":{"m_AlwaysRefresh":false,"showFog":true,"showSkybox":false,"showFlares":true,"showImageEffects":true,"showParticleSystems":true,"showVisualEffectGraphs":true,"m_FxEnabled":true},"in2DMode":false,"pivot":{"x":-5.969999313354492,"y":6.28997802734375,"z":-7.721574783325195},"rotation":{"x":-0.05578093230724335,"y":0.0005968744517304003,"z":-0.000032798889151308686,"w":-0.9984447360038757},"size":14.646220207214356,"orthographic":false}